[
  {
    "enabled": true,
    "hip_file": "$DATA_ROOT/SampleFile.hip",
    "hip_file_debug": "$DATA_ROOT/OUT/debug/SampleFile.hip",
    "inputs": [
      {
        "node": "/obj/geo1/color1",
        "parm": "colorr",
        "value": 1.0,
        "type": "literal"
      },
      {
        "node": "/obj/geo1/color1",
        "parm": "colorg",
        "value": 0.0,
        "type": "literal"
      },
      {
        "node": "/obj/geo1/color1",
        "parm": "colorb",
        "value": 0.0,
        "type": "literal"
      },
      {
        "node": "/obj/geo1/IN_FILE",
        "parm": "file",
        "value": "$DATA_ROOT/IN/rubber_toy.bgeo.sc",
        "type": "input_file",
        "required": true
      },
      {
        "node": "/obj/geo1/EXPORTER",
        "parm": "sopoutput",
        "value": "$DATA_ROOT/OUT/exported_geometry.bgeo.sc",
        "type": "output_file"
      }
    ],
    "execute": [
      "/obj/geo1/EXPORTER/execute"
    ]
  }
]